"Clave";"Título PDF";"Artista PDF";"Título Excel";"Intérprete Excel";"Carpeta Excel";"Similitud"
"01:21";"Air (on the G-string) - Orchester-Suite 3 D- Dur - 2, BWV 1068";"Bach, Johann Sebastian (1685-1750)";"Aria della corda sol";"J S Bach";"IBF01- RONDAS DE INICIO";"0.00"
"07:21";"An der schönen blauen Donau [Part], op.314";"Strauss II, Johann (1825-1899)";"Danubio blue J";"Strauss";"IBF07- Ritmo Sinergismo Desplazamiento con levedad";"0.00"
"20:01";"Ay Fond Kiss";"Fairground Attraction";"When you smile";"Roberto Flack";"IBF20 Complementario II";"0.00"
"11:18";"Photographs";"Mouskouri, Nana (Nάνα Μούσχουρη)";"Photograps";"N Mouskori";"IBF11-Ronda mirada,mecimiento acariciamento Afectividad";"0.00"
"19:15";"Vidala del cuculí";"Cumbo, Jorge / Vitale, Lito / González, Lucho";"Learnin’ the blues";"Katie Melua";"IBF19 Complementario 1";"0.00"
"02:23";"Redescobrir";"Regina, Elis";"Redescubrir";"E Regina";"IBF02- RONDA DE ACT LENTA";"0.00"
"05:11";"Fava de Cheiro";"Sivuca";"Queixo de cobra";"Sivuca";"IBF05-D Ritmos tropicales rondas";"0.00"
"05:12";"O Baile de Bio Laurinda";"Sivuca";"Fava de cheiro";"Sivuca";"IBF05-D Ritmos tropicales rondas";"0.00"
"03:20";"Hallelujah - Messiah, HWV 56 - Part II/42";"Haendel, Georg Friedrich (1685-1759)";"Aleluya";"Haendel";"IBF03- RONDAS FINALES";"0.00"
"06:06";"The Man I Love";"Antigua Jazz Band";"El hombre que yo amo";"Jazz Caliente";"IBF06- Coordinación Sincronización Rit en pareja";"0.00"
"19:14";"This Girl's In Love With You";"Fitzgerald, Ella";"Call off the search";"Katie Melua";"IBF19 Complementario 1";"0.00"
"06:16";"Japanese Sandman";"Maddox, Johnny";"Arenero Japonés";"J Maddox";"IBF06- Coordinación Sincronización Rit en pareja";"0.00"
"20:02";"Yellow Submarine";"The Beatles";"Hello goodbye";"The Beatles";"IBF20 Complementario II";"0.00"
"05:07";"O Encanto do Gantois";"Carvalho, Beth";"Eu vou";"Beth Carvalho";"IBF05-D Ritmos tropicales rondas";"0.00"
"05:19";"Rodopiou";"Pereira, Nazaré";"Forró Veloce";"N. Pereira";"IBF05-D Ritmos tropicales rondas";"0.00"
"20:03";"All Together Now";"The Beatles";"When the saints go marching in";"Mahalia Jackson";"IBF20 Complementario II";"0.00"
"20:04";"With A Little Help From My Friends";"The Beatles";"Dialogo del Viento y del Mar";"C. Debussy";"IBF20 Complementario II";"0.00"
"20:09";"All Of Me (live)";"Fygi, Laura";"Zorba’s dance";"M. Theodorakis";"IBF20 Complementario II";"0.00"
"06:14";"Ja-Da";"The New Orleans Banjo Band";"Ja-Da";"The New Orleans Banjo Band";"IBF06- Coordinación Sincronización Rit en pareja";"0.00"
"08:03";"L-O-V-E";"Cole, Natalie";"L-O-V-E";"Cole, Natalie";"IBF08 -Extensión arm, máx Elasticidad  Expresividad";"0.00"
"20:16";"My Aphrodisiac Is You";"Melua, Katie";"Danadinho danado";"Simone";"IBF20 Complementario II";"0.00"
"20:15";"Learnin' The Blues";"Melua, Katie";"O amanhà";"Simona";"IBF20 Complementario II";"0.00"
"05:08";"Valente Nordeste";"Pereira, Nazaré";"Forro Medio";"N. Pereira";"IBF05-D Ritmos tropicales rondas";"0.00"
"20:11";"Koro";"?";"Dream a little dream";"Laura Fygi";"IBF20 Complementario II";"0.00"
"19:02";"Down In Belgorod";"Winter, Paul";"Yellow submarine";"The Beatles";"IBF19 Complementario 1";"0.00"
"19:01";"Présence";"Guem";"Ay Fond Kiss";"Fairground Attraction";"IBF19 Complementario 1";"0.00"
"07:22";"Kaiserwalzer, op.437 [Part]";"Strauss II, Johann (1825-1899)";"Vals del emperador J";"Strauss";"IBF07- Ritmo Sinergismo Desplazamiento con levedad";"0.00"
"19:03";"I Just Wanna Make Love To You";"Hines, Earl";"All together now";"The Beatles";"IBF19 Complementario 1";"0.00"
"19:12";"Sundance";"Kitaro (喜多郎)";"Corcovado";"Laura Fygi";"IBF19 Complementario 1";"0.00"
"19:09";"Epílogo (Final) - Floresta do Amazonas";"Villa-Lobos, Heitor (1887-1959)";"All of me";"Laura Fygi";"IBF19 Complementario 1";"0.00"
"20:06";"I've Got A Woman";"Charles, Ray";"Claire du lune";"C. Debussy";"IBF20 Complementario II";"0.00"
"20:10";"Diamonds Are A Girl's Best Friend (live)";"Fygi, Laura";"All souls night";"L. McKennitt";"IBF20 Complementario II";"0.00"
"20:08";"That Old Feeling (live)";"Fygi, Laura";"La danza de Zorba";"M. Theodorakis";"IBF20 Complementario II";"0.00"
"08:15";"Quintessence";"Jones, Quincy & His Orchestra";"The Quintesence";"Q. Jones";"IBF08 -Extensión arm, máx Elasticidad  Expresividad";"0.00"
"17:15";"Adagio - Streichquintett in C-Dur - 2, op.post.163 D 956";"Schubert, Franz (1797-1828)";"Adagio, String Quintet in C,";"Schubert";"IBF17-Ayudando a crecer Dar y Recibir Trance suspensión";"0.33"
"09:19";"Adagio - Concerto Brandebourgeois 1 - 2, F-Dur BWV 1046";"Bach, Johann Sebastian (1685-1750)";"Adag Conc Nº 1";"Bach";"IBF09-Fluídez Seg, Eutonía  Integ motora cenest  Respiración";"0.00"
"19:16";"Andantino Siciliano - Concerto n°1 per chitarra e archi in La Maggiore op.30 - 2";"Giuliani, Mauro (1781-1829)";"My aphrodisiac is you";"K. Melua";"IBF19 Complementario 1";"0.00"
"10:16";"Moça";"Wando";"Moza";"Wando";"IBF10-Sincr Melódica,Encuentros  Contacto sensible";"0.00"
"11:15";"Andante con moto (Version 2) - Klaviertrio n°2 in Es-Dur - 2, op.100 D 929";"Schubert, Franz (1797-1828)";"Trío en Mi";"Op 100 Schubert";"IBF11-Ronda mirada,mecimiento acariciamento Afectividad";"0.00"
"20:14";"Call Off The Search";"Melua, Katie";"Love me";"Nina Simona";"IBF20 Complementario II";"0.00"
"12:14";"Doce presença";"Caymmi, Nana";"Dolce Presenza";"Nana Caymmi";"IBF12-Encuentros Acariciamiento SEXUALIDAD";"0.00"
"10:17";"Improvisasion";"Franz, Charles";"Improvización";"C Franz";"IBF10-Sincr Melódica,Encuentros  Contacto sensible";"0.00"
"10:18";"Poco Allegretto - Sinfonie 3 F-Dur - 3, op.90";"Brahms, Johannes (1833-1897)";"Poco Allegreto from Symphony N-3";"Brahms";"IBF10-Sincr Melódica,Encuentros  Contacto sensible";"0.25"
"19:05";"I Wanna Be Loved";"Horn, Shirley";"When I’m Sixty Four";"The  Beatles";"IBF19 Complementario 1";"0.00"
"19:10";"Maybe God Is Tryin' To Tell You Somethin' (Vocal Tata Vega)";"OST The Color Purple";"Diamonds are a girl’s best friend";"L. Fygi";"IBF19 Complementario 1";"0.00"
"19:04";"Ray's Blues";"Charles, Ray";"With a little help from my friends";"The  Beatles";"IBF19 Complementario 1";"0.00"
"16:15";"Raga Adana";"Shankar, Ravi & Previn, André";"Song from the hills";"Ravi Shankar";"IBF16- Danza Expresiva creativa VITALIDAD TRASCENDENCIA";"0.00"
"20:18";"Tan Xingquing Park";"Shanti, Oliver & Friends";"Sinfonia 9";"Himno Alegría     Bethoven";"IBF20 Complementario II";"0.00"
"19:08";"Daphnis et Chloé (Ozawa) - Danse finale Bacchanale - Ballet, 3ème tableau - III";"Ravel, Maurice (1875-1937)";"That old feeling";"Laura Fygi";"IBF19 Complementario 1";"0.00"
"18:01";"Shine On You Crazy Diamond, P1 [Part 1]";"Pink Floyd";"I wish you were here (parte 1)";"Pink Floyd";"IBF18-Posiciones Generatrices TRASCENDENCIA";"0.20"
"18:13";"Shine On You Crazy Diamond, P1 [Part 2]";"Pink Floyd";"I wish you were here (parte 1)";"Pink Floyd";"IBF18-Posiciones Generatrices TRASCENDENCIA";"0.20"
"18:14";"Allegro [Part] - Sinfonie 6 F-Dur op.68 - 4 (Gewitter-Sturm)";"Beethoven, Ludwig van (1770-1827)";"Allegro Tempestad Sinfon N6 pastoral";"Beethoven";"IBF18-Posiciones Generatrices TRASCENDENCIA";"0.25"
"18:12";"Song Of Lamentation [Part] {End Part of 'Sanctus. Bwala Dance'}";"Fanshawe, David";"Canzone del latte";"Africa Sanctus";"IBF18-Posiciones Generatrices TRASCENDENCIA";"0.00"
"19:07";"Canción del amor dolido (Vocal Teresa Berganza)";"de Falla, Manuel (1876-1946)";"A mi manera";"Gipsy Kings";"IBF19 Complementario 1";"0.00"
"19:06";"Danza ritual del fuego";"de Falla, Manuel (1876-1946)";"I’ve got a woman";"Ray Charles";"IBF19 Complementario 1";"0.00"
"19:17";"Joy";"Mourashkin, Boris";"Mockingbird song";"Katie Melua";"IBF19 Complementario 1";"0.00"
"20:17";"Mockingbird Song";"Melua, Katie";"Carnaval de Sao Vicente";"Cesaria Evora";"IBF20 Complementario II";"0.00"
"20:12";"Corcovado (live)";"Fygi, Laura";"My way";"Elvis Presley";"IBF20 Complementario II";"0.00"